run_id,algorithm,nodes,edges,source_node,target_node,time_sec,memory_peak_mb,energy_joules,cpu_energy_joules,path_found,path_length
0,Dijkstra,1000,5000,255,149,0.02510976791381836,1.6146163940429688,0.34317828840487213,0.0872792874919674,True,4
0,Bellman-Ford,1000,5000,255,149,0.041097402572631836,0.3006744384765625,0.6026487390211022,0.1741597394159233,True,4
0,A_Star,1000,5000,255,149,0.009995222091674805,0.3177776336669922,0.1600508106768724,0.04613281170731749,True,4
1,Dijkstra,1000,5000,363,56,0.017009735107421875,0.30063438415527344,0.2553535988339096,0.06996359813668428,True,6
1,Bellman-Ford,1000,5000,363,56,0.040082454681396484,0.29989051818847656,0.5615898548095191,0.15051685510488994,True,6
1,A_Star,1000,5000,363,56,0.00802922248840332,0.2944927215576172,0.15674277106439694,0.05987277152156457,True,6
2,Dijkstra,1000,5000,957,338,0.006996631622314453,0.29395389556884766,0.12242620344987055,0.044254204256142585,True,6
2,Bellman-Ford,1000,5000,957,338,0.040970802307128906,0.30054664611816406,0.5727802091354758,0.15292620892471379,True,6
2,A_Star,1000,5000,957,338,0.0019915103912353516,0.2941160202026367,0.05232941683858041,0.023203416247957985,True,6
3,Dijkstra,1000,5000,905,306,0.017979860305786133,0.30139732360839844,0.27053196547605857,0.08127696678095327,True,4
3,Bellman-Ford,1000,5000,905,306,0.04300546646118164,0.3002033233642578,0.5964230442185335,0.14532804477479394,True,4
3,A_Star,1000,5000,905,306,0.01100468635559082,0.2935514450073242,0.1819625142435967,0.055698514397764076,True,4
4,Dijkstra,1000,5000,501,401,0.01500701904296875,0.2944011688232422,0.27343300830756995,0.11593200925921766,True,8
4,Bellman-Ford,1000,5000,501,401,0.04309272766113281,0.3011178970336914,0.6282786756797737,0.18803867623648104,True,8
4,A_Star,1000,5000,501,401,0.0030057430267333984,0.2936840057373047,0.06926130614539777,0.02460030717140233,True,8
5,Dijkstra,1000,5000,300,777,0.01608586311340332,0.3016195297241211,0.22529173917289486,0.05382873858477582,True,6
5,Bellman-Ford,1000,5000,300,777,0.0380856990814209,0.29989051818847656,0.5209702146956697,0.13134321531001478,True,6
5,A_Star,1000,5000,300,777,0.00600433349609375,0.29451560974121094,0.11104194039999592,0.036043942091605545,True,6
6,Dijkstra,1000,5000,174,492,0.0010993480682373047,0.29364585876464844,0.05081370010328563,0.017527700432660907,True,4
6,Bellman-Ford,1000,5000,174,492,0.04001164436340332,0.29897499084472656,0.542266396207608,0.1276813953722489,True,4
6,A_Star,1000,5000,174,492,0.0009975433349609375,0.29248619079589844,0.038543180737644435,0.01825018104910851,True,4
7,Dijkstra,1000,5000,484,175,0.017012357711791992,0.3009033203125,0.27135140933020213,0.07980940835474229,True,5
7,Bellman-Ford,1000,5000,484,175,0.04309535026550293,0.3010883331298828,0.5980743233114482,0.16019432321190835,True,5
7,A_Star,1000,5000,484,175,0.004053354263305664,0.29349803924560547,0.0827680298274129,0.024955028496470976,True,5
8,Dijkstra,1000,5000,326,641,0.01602911949157715,3.8667116165161133,0.24817312188958748,0.0644991226173006,True,8
8,Bellman-Ford,1000,5000,326,641,0.04303693771362305,0.3009357452392578,0.6282809761955023,0.17661297588111752,True,8
8,A_Star,1000,5000,326,641,0.004996299743652344,0.2937755584716797,0.08906674683030524,0.02938574757363478,True,8
9,Dijkstra,1000,5000,175,755,0.016010046005249023,0.2992734909057617,0.25782999963577924,0.07213399893682534,True,5
9,Bellman-Ford,1000,5000,175,755,0.039081573486328125,0.29989051818847656,0.5903062561456833,0.1796342560020064,True,5
9,A_Star,1000,5000,175,755,0.007009983062744141,0.29431724548339844,0.1257512007522905,0.041539202133151286,True,5
10,Dijkstra,1000,5000,518,900,0.011081457138061523,0.2940807342529297,0.18021194106880153,0.05279394174906933,True,6
10,Bellman-Ford,1000,5000,518,900,0.04110097885131836,0.2999439239501953,0.5849730467916128,0.15447804588159886,True,6
10,A_Star,1000,5000,518,900,0.0040209293365478516,0.29434871673583984,0.08746585623009807,0.03135185735880143,True,6
11,Dijkstra,1000,5000,497,287,0.021008968353271484,0.30083274841308594,0.2983379919783805,0.07989499222055417,True,6
11,Bellman-Ford,1000,5000,497,287,0.04999804496765137,0.2999439239501953,0.6823371852564372,0.168268185928718,True,6
11,A_Star,1000,5000,497,287,0.018062114715576172,0.3177499771118164,0.28766105083913796,0.0994120528192937,True,6
12,Dijkstra,1000,5000,23,894,0.0,0.2926616668701172,0.03840791088816795,0.019233911571177573,True,4
12,Bellman-Ford,1000,5000,23,894,0.04207968711853027,0.30018043518066406,0.5787835028428711,0.14078850303181786,True,4
12,A_Star,1000,5000,23,894,0.0,0.2920265197753906,0.027980914393524556,0.013507914783517747,True,4
13,Dijkstra,1000,5000,66,366,0.011998176574707031,0.30072021484375,0.18773512415221724,0.05115812377638016,True,5
13,Bellman-Ford,1000,5000,66,366,0.03692436218261719,0.30004310607910156,0.5440522692237388,0.1517902672361921,True,5
13,A_Star,1000,5000,66,366,0.005085945129394531,0.29375457763671875,0.0888542912626131,0.029255290302024645,True,5
14,Dijkstra,1000,5000,262,781,0.004995822906494141,0.29383087158203125,0.10720544315432198,0.03966144339670427,True,4
14,Bellman-Ford,1000,5000,262,781,0.041996002197265625,0.3014183044433594,0.6058029164880175,0.1667189165338535,True,4
14,A_Star,1000,5000,262,781,0.0,0.2929811477661133,0.03868634381585501,0.016860342931679706,True,4
15,Dijkstra,1000,5000,436,869,0.0180816650390625,0.3008251190185547,0.2685969878500328,0.07391998745035383,True,6
15,Bellman-Ford,1000,5000,436,869,0.04002189636230469,0.2998924255371094,0.6411300315739671,0.22109103344698353,True,6
15,A_Star,1000,5000,436,869,0.007039308547973633,0.29449462890625,0.11276340891852636,0.030990409080531783,True,6
16,Dijkstra,1000,5000,731,594,0.006997346878051758,0.2939300537109375,0.13507835076783192,0.05216035036031495,True,7
16,Bellman-Ford,1000,5000,731,594,0.04108738899230957,0.2999744415283203,0.5855418695769146,0.15689586994041352,True,7
16,A_Star,1000,5000,731,594,0.0029878616333007812,0.29438018798828125,0.07756138166598976,0.02513838179595769,True,7
17,Dijkstra,1000,5000,965,480,0.011998653411865234,0.3010845184326172,0.18490626275116068,0.048356261416761706,True,4
17,Bellman-Ford,1000,5000,965,480,0.03708910942077637,0.2993354797363281,0.5007931186452678,0.12364711767138746,True,4
17,A_Star,1000,5000,965,480,0.00399470329284668,0.29367542266845703,0.07491043072013946,0.02248742852180095,True,4
18,Dijkstra,1000,5000,529,219,0.014997005462646484,0.29416656494140625,0.22123279829901132,0.06323579780217685,True,7
18,Bellman-Ford,1000,5000,529,219,0.03809475898742676,0.3006925582885742,0.5494535927190022,0.15600359332696956,True,7
18,A_Star,1000,5000,529,219,0.0030846595764160156,0.2934541702270508,0.06454840441759337,0.019617403387684716,True,7
19,Dijkstra,1000,5000,781,210,0.016092777252197266,0.30123424530029297,0.2321540586659685,0.057994059660471976,True,6
19,Bellman-Ford,1000,5000,781,210,0.04300951957702637,0.2998924255371094,0.5743185161502651,0.13182651585727845,True,6
19,A_Star,1000,5000,781,210,0.006102800369262695,0.2934541702270508,0.11418545696302318,0.03359745567082427,True,6
20,Dijkstra,1000,5000,208,462,0.011988401412963867,0.29424285888671875,0.181729291561483,0.04944729245775803,True,5
20,Bellman-Ford,1000,5000,208,462,0.040055036544799805,0.2992591857910156,0.5659435635362964,0.15020456322703765,True,5
20,A_Star,1000,5000,208,462,0.005948066711425781,0.29439353942871094,0.11043515661782162,0.036549157463522115,True,5
21,Dijkstra,1000,5000,107,145,0.02203536033630371,0.30080223083496094,0.318595856516876,0.08618285515836693,True,7
21,Bellman-Ford,1000,5000,107,145,0.04099774360656738,0.3004341125488281,0.5651688407273667,0.1449608401493805,True,7
21,A_Star,1000,5000,107,145,0.009096145629882812,0.29377269744873047,0.14450669981793246,0.037166699713773343,True,7
22,Dijkstra,1000,5000,26,327,0.00600886344909668,0.29451560974121094,0.11038791681034489,0.044310915417503566,True,6
22,Bellman-Ford,1000,5000,26,327,0.039104461669921875,0.3000450134277344,0.554753007478758,0.15075700694669716,True,6
22,A_Star,1000,5000,26,327,0.0010793209075927734,0.29322147369384766,0.0376123791941103,0.01687237726604905,True,6
23,Dijkstra,1000,5000,997,634,0.008966207504272461,0.30048084259033203,0.14832221213499594,0.04291921164611862,True,8
23,Bellman-Ford,1000,5000,997,634,0.039063453674316406,0.2952461242675781,0.5905282424514563,0.18193424183255147,True,8
23,A_Star,1000,5000,997,634,0.004032135009765625,0.29406070709228516,0.08510356020741164,0.02915756028704345,True,8
24,Dijkstra,1000,5000,556,395,0.004008769989013672,0.29387664794921875,0.07292487439462407,0.025163875098763538,True,4
24,Bellman-Ford,1000,5000,556,395,0.04599475860595703,0.3010110855102539,0.6361719584966248,0.1677169595787471,True,4
24,A_Star,1000,5000,556,395,0.0,0.2927398681640625,0.03079098448506556,0.013282986212288959,True,4
25,Dijkstra,1000,5000,544,98,0.011009931564331055,0.30072021484375,0.18962830542099915,0.05825430624631487,True,5
25,Bellman-Ford,1000,5000,544,98,0.04910731315612793,0.2998924255371094,0.7034047991850159,0.1959387977489016,True,5
25,A_Star,1000,5000,544,98,0.004086732864379883,0.2936525344848633,0.07097851399173537,0.024708513243399056,True,5
26,Dijkstra,1000,5000,178,883,0.016008377075195312,0.29534912109375,0.2772805534316312,0.10340055190157994,True,5
26,Bellman-Ford,1000,5000,178,883,0.05707907676696777,0.3011751174926758,0.8553858978698962,0.2671718962515704,True,5
26,A_Star,1000,5000,178,883,0.008004188537597656,0.29390716552734375,0.13493462015383623,0.0402366208515384,True,5
27,Dijkstra,1000,5000,994,344,0.018085241317749023,0.3001222610473633,0.26499661497299726,0.0697336147678381,True,6
27,Bellman-Ford,1000,5000,994,344,0.04098916053771973,0.3000450134277344,0.5883636616913348,0.16222166016676717,True,6
27,A_Star,1000,5000,994,344,0.014090776443481445,0.2936983108520508,0.2192912218991498,0.06613022097310221,True,6
28,Dijkstra,1000,5000,946,580,0.012038707733154297,0.29378223419189453,0.1867453526237302,0.04837735374432735,True,7
28,Bellman-Ford,1000,5000,946,580,0.038063764572143555,0.30090808868408203,0.5274273456459525,0.13046034624927083,True,7
28,A_Star,1000,5000,946,580,0.0030846595764160156,0.29354381561279297,0.09882998084444128,0.04251097924802028,True,7
29,Dijkstra,1000,5000,426,821,0.015059232711791992,0.3003549575805664,0.2397301737378902,0.07094917261708444,True,4
29,Bellman-Ford,1000,5000,426,821,0.04007720947265625,0.2951469421386719,0.6121793888733426,0.1890373892374972,True,4
29,A_Star,1000,5000,426,821,0.007008790969848633,0.294342041015625,0.11927790716861969,0.03751090737631206,True,4
30,Dijkstra,1000,5000,25,773,0.014109611511230469,0.2944793701171875,0.2132972076347267,0.05121720748005266,True,6
30,Bellman-Ford,1000,5000,25,773,0.040997982025146484,0.3000221252441406,1.6168526109017434,1.1955936127983036,True,6
30,A_Star,1000,5000,25,773,0.003991842269897461,0.2941474914550781,0.1591170635683928,0.11437606398523788,True,6
31,Dijkstra,1000,5000,47,564,0.01299905776977539,0.3010377883911133,0.38300026633696294,0.2459692671607587,True,5
31,Bellman-Ford,1000,5000,47,564,0.04499959945678711,0.2998924255371094,0.7002633121653714,0.24063431293212553,True,5
31,A_Star,1000,5000,47,564,0.001997709274291992,0.29388427734375,0.05647627584767444,0.024279276320160456,True,5
32,Dijkstra,1000,5000,708,860,0.02608942985534668,0.2936553955078125,0.8610322296753528,0.5888362292334439,True,7
32,Bellman-Ford,1000,5000,708,860,0.03898191452026367,0.3010540008544922,1.132801152241374,0.7332801543520341,True,7
32,A_Star,1000,5000,708,860,0.012019872665405273,0.2934722900390625,0.44526556202489875,0.313240561385639,True,7
33,Dijkstra,1000,5000,951,934,0.0009982585906982422,0.29344940185546875,0.1026734924350865,0.08228149082856251,True,6
33,Bellman-Ford,1000,5000,951,934,0.03786468505859375,0.2998161315917969,1.1681487716494594,0.7693827736882959,True,6
33,A_Star,1000,5000,951,934,0.0,0.2925872802734375,0.0914221166182775,0.0764471178424079,True,6
34,Dijkstra,1000,5000,381,527,0.01999974250793457,0.29373645782470703,0.6242778228793759,0.4142488219973166,True,7
34,Bellman-Ford,1000,5000,381,527,0.0499875545501709,0.30039215087890625,1.3131243278536187,0.8041703267286703,True,7
34,A_Star,1000,5000,381,527,0.019993066787719727,0.2933073043823242,0.5206460421686526,0.3018980435808654,True,7
35,Dijkstra,1000,5000,626,205,0.018000125885009766,0.3009662628173828,0.4733417704572732,0.28464276901090685,True,4
35,Bellman-Ford,1000,5000,626,205,0.055985212326049805,0.2969703674316406,1.2688254745885033,0.7003894745580154,True,4
35,A_Star,1000,5000,626,205,0.005002498626708984,0.2937192916870117,0.1762278205202469,0.11468082102477041,True,4
36,Dijkstra,1000,5000,127,768,0.027996301651000977,0.29440879821777344,0.6693834642891306,0.3764104651298839,True,4
36,Bellman-Ford,1000,5000,127,768,0.04799175262451172,0.2998924255371094,1.1032415881241162,0.6161745871836742,True,4
36,A_Star,1000,5000,127,768,0.016098499298095703,0.2936363220214844,0.3780436731128022,0.19723067350666967,True,4
37,Dijkstra,1000,5000,831,211,0.014992952346801758,0.3001699447631836,0.2758582294400866,0.112230229139709,True,6
37,Bellman-Ford,1000,5000,831,211,0.0459592342376709,0.3005485534667969,0.6848528426890261,0.2129278429602273,True,6
37,A_Star,1000,5000,831,211,0.001995563507080078,0.29401493072509766,0.05624543920000592,0.023695438148728994,True,6
38,Dijkstra,1000,5000,27,464,0.018103837966918945,0.29193115234375,0.2803561417946846,0.08311714284143157,True,9
38,Bellman-Ford,1000,5000,27,464,0.042098045349121094,0.3002004623413086,0.5913406488045372,0.15827564928003332,True,9
38,A_Star,1000,5000,27,464,0.01207113265991211,0.29417896270751953,0.1997912387195763,0.06854423934777945,True,9
39,Dijkstra,1000,5000,722,202,0.018990516662597656,0.3004903793334961,0.2963784854281482,0.0947904847916004,True,5
39,Bellman-Ford,1000,5000,722,202,0.04599905014038086,0.2999458312988281,0.6621152928723022,0.18668029435630892,True,5
39,A_Star,1000,5000,722,202,0.010997772216796875,0.29375457763671875,0.16935014157945458,0.05135214181075042,True,5
40,Dijkstra,1000,5000,49,516,0.018010854721069336,0.29450511932373047,0.25437962954211985,0.06665262851212175,True,6
40,Bellman-Ford,1000,5000,49,516,0.03808784484863281,0.2992057800292969,0.551681972369213,0.15244397314231503,True,6
40,A_Star,1000,5000,49,516,0.00810694694519043,0.29390716552734375,0.14379993833438495,0.04997493753046729,True,6
41,Dijkstra,1000,5000,772,837,0.01900959014892578,0.30150508880615234,0.29099194028135394,0.08966993934195489,True,8
41,Bellman-Ford,1000,5000,772,837,0.044068098068237305,0.2998924255371094,0.6716930905766785,0.2132190896607935,True,8
41,A_Star,1000,5000,772,837,0.006083250045776367,0.29366016387939453,0.12680963554944505,0.04693463619392028,True,8
42,Dijkstra,1000,5000,211,615,0.0,0.29103565216064453,0.043231226253344426,0.021283226768507368,True,3
42,Bellman-Ford,1000,5000,211,615,0.04100441932678223,0.3023519515991211,0.5787424522438933,0.15355145213994284,True,3
42,A_Star,1000,5000,211,615,0.001012563705444336,0.2920866012573242,0.041114105670797554,0.02050710591961714,True,3
43,Dijkstra,1000,5000,702,321,0.008092403411865234,0.3002786636352539,0.1383283434125849,0.051887342954731824,True,5
43,Bellman-Ford,1000,5000,702,321,0.037088632583618164,0.2960777282714844,0.5075598287515934,0.12244482879793613,True,5
43,A_Star,1000,5000,702,321,0.0020236968994140625,0.29402637481689453,0.0645079340309074,0.027271934551017528,True,5
44,Dijkstra,1000,5000,553,290,0.018998146057128906,0.2940244674682617,0.2922138773043302,0.08683387573330072,True,6
44,Bellman-Ford,1000,5000,553,290,0.04202699661254883,0.3003959655761719,0.6064787309986793,0.16928573263783683,True,6
44,A_Star,1000,5000,553,290,0.007010221481323242,0.2940073013305664,0.2523011401930443,0.16868414028376258,True,6
45,Dijkstra,1000,5000,943,182,0.017008543014526367,0.3009166717529297,0.26653151409531184,0.07795251589099116,True,7
45,Bellman-Ford,1000,5000,943,182,0.04199552536010742,0.2998924255371094,0.5598859052628025,0.13197490540218793,True,7
45,A_Star,1000,5000,943,182,0.00600743293762207,0.29370594024658203,0.11041529682486062,0.03348629661856896,True,7
46,Dijkstra,1000,5000,198,824,0.013998270034790039,0.2938957214355469,0.23012443827808077,0.07461843928665096,True,4
46,Bellman-Ford,1000,5000,198,824,0.04108381271362305,0.2997579574584961,0.5767015395894943,0.15212554067599757,True,4
46,A_Star,1000,5000,198,824,0.0070993900299072266,0.29362964630126953,0.11823838337335144,0.03905538463044319,True,4
47,Dijkstra,1000,5000,777,202,0.013040781021118164,0.3013286590576172,0.2202888366255528,0.08446483849096958,True,5
47,Bellman-Ford,1000,5000,777,202,0.03899645805358887,0.3000450134277344,0.6449488709904253,0.24164287105575202,True,5
47,A_Star,1000,5000,777,202,0.005083560943603516,0.29347705841064453,0.10035858089663088,0.033014582661911845,True,5
48,Dijkstra,1000,5000,465,229,0.00508880615234375,0.2937164306640625,0.10711571542533455,0.04145571604358372,True,4
48,Bellman-Ford,1000,5000,465,229,0.04398941993713379,0.3000450134277344,0.5973874338000843,0.1493734333693812,True,4
48,A_Star,1000,5000,465,229,0.002009868621826172,0.29405784606933594,0.04454369817081501,0.016798697618428955,True,4
49,Dijkstra,1000,5000,732,253,0.021009445190429688,0.3007469177246094,0.3083563186761669,0.08293131697668948,True,5
49,Bellman-Ford,1000,5000,732,253,0.03800606727600098,0.2961921691894531,0.5521280873490243,0.1531490866018205,True,5
49,A_Star,1000,5000,732,253,0.015996456146240234,0.29753589630126953,0.242683407464488,0.06933240647004409,True,5
0,Dijkstra,5000,25000,1757,4338,0.13400650024414062,1.3756790161132812,3.283089219138598,0.535112218011742,True,7
0,Bellman-Ford,5000,25000,1757,4338,0.2840113639831543,1.69073486328125,7.826899180071768,0.6041991821251471,True,7
0,A_Star,5000,25000,1757,4338,0.0839841365814209,1.1481781005859375,1.1561728872830386,0.2945178885484453,True,7
1,Dijkstra,5000,25000,334,1138,0.08609652519226074,1.2076148986816406,1.1779973644012247,0.3099353646108542,True,5
1,Bellman-Ford,5000,25000,334,1138,0.3100399971008301,1.6890029907226562,8.438964233247141,0.5679302322469144,True,5
1,A_Star,5000,25000,334,1138,0.009093046188354492,0.2939300537109375,0.14425562877021733,0.04938563048653306,True,5
2,Dijkstra,5000,25000,831,3834,0.06808328628540039,1.1745376586914062,0.9323534114773766,0.23618541206451216,True,7
2,Bellman-Ford,5000,25000,831,3834,0.28001880645751953,1.6878814697265625,8.0680908720647,0.6290728730787524,True,7
2,A_Star,5000,25000,831,3834,0.02103590965270996,0.29404163360595703,0.3320653554488143,0.09870735737198795,True,7
3,Dijkstra,5000,25000,57,2913,0.07494926452636719,1.1842269897460938,1.0094924798549831,0.2508534808957696,True,7
3,Bellman-Ford,5000,25000,57,2913,0.31006312370300293,1.7070980072021484,7.965535110918996,0.4190101093931166,True,7
3,A_Star,5000,25000,57,2913,0.019098997116088867,0.2936105728149414,0.2892531579639974,0.08453715679237873,True,7
4,Dijkstra,5000,25000,2170,1623,0.0819849967956543,1.201629638671875,1.15261745914402,0.3202484598900615,True,7
4,Bellman-Ford,5000,25000,2170,1623,0.29795050621032715,1.7086124420166016,7.760848380707373,0.4437663765514101,True,7
4,A_Star,5000,25000,2170,1623,0.02197432518005371,0.29761505126953125,0.31879371743513785,0.08551371762393552,True,7
5,Dijkstra,5000,25000,1616,968,0.056998491287231445,1.0393180847167969,0.8026038704934446,0.21734886928749356,True,6
5,Bellman-Ford,5000,25000,1616,968,0.28099560737609863,1.6888885498046875,8.237397204818627,0.7925682046585294,True,6
5,A_Star,5000,25000,1616,968,0.00709843635559082,0.29347705841064453,0.11925068471208215,0.03879268440976739,True,6
6,Dijkstra,5000,25000,2744,1806,0.12407088279724121,1.3528366088867188,1.681494082275524,0.42267308379311797,True,8
6,Bellman-Ford,5000,25000,2744,1806,0.31409263610839844,1.7083072662353516,7.977013402949109,0.5502894044434864,True,8
6,A_Star,5000,25000,2744,1806,0.08499717712402344,1.0727577209472656,1.1634710123802705,0.28986501228466466,True,8
7,Dijkstra,5000,25000,4076,4778,0.10298275947570801,1.32586669921875,1.4634882745664906,0.41623227469216684,True,7
7,Bellman-Ford,5000,25000,4076,4778,0.28202223777770996,1.68975830078125,7.978912689203905,0.5841426895396278,True,7
7,A_Star,5000,25000,4076,4778,0.047998666763305664,0.6857490539550781,0.6457460614374246,0.14841606034770272,True,7
8,Dijkstra,5000,25000,2175,1315,0.11609411239624023,1.3353614807128906,1.570180997580544,0.39877499765928165,True,5
8,Bellman-Ford,5000,25000,2175,1315,0.27600789070129395,1.6877517700195312,7.982434686397371,0.6228426891688087,True,5
8,A_Star,5000,25000,2175,1315,0.08400845527648926,1.042327880859375,1.1351493472786283,0.28432334834650497,True,5
9,Dijkstra,5000,25000,1987,4103,0.0919804573059082,1.1969642639160156,1.2768535795956426,0.336138579562264,True,10
9,Bellman-Ford,5000,25000,1987,4103,0.29199743270874023,1.6925525665283203,7.96503756045491,0.622411564356986,True,10
9,A_Star,5000,25000,1987,4103,0.04205441474914551,0.6103019714355469,0.5859819108151451,0.15321690891837617,True,10
10,Dijkstra,5000,25000,1314,245,0.07898736000061035,1.1924171447753906,1.0808140592590947,0.27024506069133486,True,8
10,Bellman-Ford,5000,25000,1314,245,0.2770090103149414,1.7075519561767578,7.514899760275572,0.4656137603106485,True,8
10,A_Star,5000,25000,1314,245,0.019910812377929688,0.29436492919921875,0.2844927424823188,0.07155274388168685,True,8
11,Dijkstra,5000,25000,4974,3581,0.1281113624572754,1.3548011779785156,3.014067668186924,0.39629666665425023,True,10
11,Bellman-Ford,5000,25000,4974,3581,0.2709963321685791,1.7078609466552734,7.352826120803895,0.4816381218906661,True,10
11,A_Star,5000,25000,4974,3581,0.07700681686401367,1.017578125,1.0349294122099366,0.2547664123378186,True,10
12,Dijkstra,5000,25000,1526,1315,0.13001060485839844,1.3407249450683594,3.1249710765936287,0.45898907466687866,True,5
12,Bellman-Ford,5000,25000,1526,1315,0.5240955352783203,1.5860881805419922,13.754948521178978,1.1488345187686553,True,5
12,A_Star,5000,25000,1526,1315,0.11504650115966797,1.3142738342285156,1.7785653213550423,0.6119793208827349,True,5
13,Dijkstra,5000,25000,4628,2888,0.11508893966674805,1.4677505493164062,1.9633612190402874,0.7992942179582846,True,5
13,Bellman-Ford,5000,25000,4628,2888,0.2921183109283447,1.6882705688476562,7.753255380440271,0.4582703827244694,True,5
13,A_Star,5000,25000,4628,2888,0.05800938606262207,0.8379936218261719,0.788687871868976,0.19534387309781528,True,5
14,Dijkstra,5000,25000,2593,2890,0.13399219512939453,1.3538436889648438,3.1493728501511615,0.3998248475393154,True,6
14,Bellman-Ford,5000,25000,2593,2890,0.2830958366394043,1.7073497772216797,7.587005038572898,0.4926170397684486,True,6
14,A_Star,5000,25000,2593,2890,0.10709810256958008,1.2035064697265625,1.4617343785692092,0.37508637909629305,True,6
15,Dijkstra,5000,25000,2316,4343,0.04299783706665039,0.9172439575195312,0.5899834084953182,0.13988040962023662,True,6
15,Bellman-Ford,5000,25000,2316,4343,0.25710535049438477,1.7036991119384766,4.3753249938477,0.42937599540391774,True,6
15,A_Star,5000,25000,2316,4343,0.009004592895507812,0.2950592041015625,0.1683840443679682,0.06361704406529582,True,6
16,Dijkstra,5000,25000,3722,3221,0.11301493644714355,1.2123031616210938,1.4758309949600052,0.3376629966721786,True,8
16,Bellman-Ford,5000,25000,3722,3221,0.28490114212036133,1.6869430541992188,7.548214448106538,0.4109504511142784,True,8
16,A_Star,5000,25000,3722,3221,0.027005672454833984,0.3621788024902344,0.3719337520300496,0.08948775037369609,True,8
17,Dijkstra,5000,25000,2969,3846,0.042006492614746094,0.8513031005859375,0.5829205491292206,0.1433305499787358,True,6
17,Bellman-Ford,5000,25000,2969,3846,0.30401182174682617,1.6873626708984375,7.605686433940534,0.39832743755668737,True,6
17,A_Star,5000,25000,2969,3846,0.007007122039794922,0.29390716552734375,0.1095885840167334,0.031157584015004836,True,6
18,Dijkstra,5000,25000,768,1955,0.08309292793273926,1.1893806457519531,1.111166354397862,0.2569603530118157,True,5
18,Bellman-Ford,5000,25000,768,1955,0.29700636863708496,1.706460952758789,8.579531601762957,1.2107496020780877,True,5
18,A_Star,5000,25000,768,1955,0.03101325035095215,0.3938446044921875,0.47525759097209874,0.15651759002378884,True,5
19,Dijkstra,5000,25000,1722,3314,0.10890746116638184,1.3279380798339844,1.4917724826898935,0.38598448183057327,True,6
19,Bellman-Ford,5000,25000,1722,3314,0.26610326766967773,1.6888256072998047,7.177494361468951,0.46400736079866667,True,6
19,A_Star,5000,25000,1722,3314,0.03401517868041992,0.46691131591796875,0.4987720366450323,0.14156603616423144,True,6
20,Dijkstra,5000,25000,2152,4451,0.10001015663146973,1.3508415222167969,1.382566335401413,0.3679623350267383,True,9
20,Bellman-Ford,5000,25000,2152,4451,0.26702165603637695,1.6896648406982422,4.583970193842023,0.47429319200810816,True,9
20,A_Star,5000,25000,2152,4451,0.045998573303222656,0.6558914184570312,0.6148903302941471,0.14015432895161212,True,9
21,Dijkstra,5000,25000,2617,4385,0.08100700378417969,1.1813507080078125,1.1061605501314837,0.2751015515392858,True,5
21,Bellman-Ford,5000,25000,2617,4385,0.2800776958465576,1.5811481475830078,7.7719095903740865,0.5083965901577507,True,5
21,A_Star,5000,25000,2617,4385,0.023023128509521484,0.3086395263671875,0.3227808945149776,0.07949589419072832,True,5
22,Dijkstra,5000,25000,1669,1740,0.07110404968261719,1.1749305725097656,0.9641685032984243,0.23920350463595244,True,6
22,Bellman-Ford,5000,25000,1669,1740,0.29601025581359863,1.7080326080322266,7.787574046587572,0.46510904451645907,True,6
22,A_Star,5000,25000,1669,1740,0.00605010986328125,0.2936525344848633,0.11771288280019705,0.03899988297948783,True,6
23,Dijkstra,5000,25000,1818,2278,0.1230936050415039,1.3516921997070312,1.7229350501205778,0.47950805011205383,True,6
23,Bellman-Ford,5000,25000,1818,2278,0.25799989700317383,1.706155776977539,4.759936408125054,0.6915414063112852,True,6
23,A_Star,5000,25000,1818,2278,0.05610489845275879,0.7729949951171875,0.7592160645431034,0.1890050661308818,True,6
24,Dijkstra,5000,25000,467,244,0.02899026870727539,0.7376632690429688,0.4367788614796644,0.12184286155721004,True,8
24,Bellman-Ford,5000,25000,467,244,0.2919929027557373,1.7068958282470703,7.779942570754159,0.4226515735842457,True,8
24,A_Star,5000,25000,467,244,0.00899052619934082,0.29390716552734375,0.15446356916414913,0.056453570254020057,True,8
25,Dijkstra,5000,25000,3240,2828,0.04990506172180176,0.9672584533691406,0.6935094591921026,0.17456345881724902,True,8
25,Bellman-Ford,5000,25000,3240,2828,0.27997732162475586,1.7036457061767578,7.428141631016402,0.39278262883227905,True,8
25,A_Star,5000,25000,3240,2828,0.01000070571899414,0.30310916900634766,0.15821902188186704,0.04743702117999254,True,8
26,Dijkstra,5000,25000,4003,744,0.04908394813537598,0.9559288024902344,0.6861361368539616,0.18181213605952107,True,6
26,Bellman-Ford,5000,25000,4003,744,0.2680063247680664,1.7069568634033203,7.195587354145712,0.40031235468736853,True,6
26,A_Star,5000,25000,4003,744,0.014012336730957031,0.29423999786376953,0.2069901652666317,0.06099716537022454,True,6
27,Dijkstra,5000,25000,44,3246,0.12900090217590332,1.3463554382324219,3.091619339079469,0.44584734203001825,True,4
27,Bellman-Ford,5000,25000,44,3246,0.2890932559967041,1.6881942749023438,7.968842993401668,0.7523439926139334,True,4
27,A_Star,5000,25000,44,3246,0.09000658988952637,1.1245880126953125,1.286398172684014,0.36738917262107135,True,4
28,Dijkstra,5000,25000,340,801,0.11110186576843262,1.34375,1.4427543620504863,0.3233473610990173,True,9
28,Bellman-Ford,5000,25000,340,801,0.29406142234802246,1.6881637573242188,7.803988270611924,0.40786926882476965,True,9
28,A_Star,5000,25000,340,801,0.03700661659240723,0.607269287109375,0.5425333556024865,0.16487935541705648,True,9
29,Dijkstra,5000,25000,736,3669,0.11111044883728027,1.3432807922363281,1.4902544944266873,0.35994149657889185,True,6
29,Bellman-Ford,5000,25000,736,3669,0.3029913902282715,1.707803726196289,7.8732296199173115,0.5226036187827969,True,6
29,A_Star,5000,25000,736,3669,0.04908633232116699,0.7076644897460938,0.6740524359584193,0.1683874354303222,True,6
30,Dijkstra,5000,25000,1450,4842,0.11910796165466309,1.3444252014160156,1.7113365334462882,0.5047925337221982,True,9
30,Bellman-Ford,5000,25000,1450,4842,0.28399658203125,1.6875076293945312,8.141065115519716,0.6711561153092506,True,9
30,A_Star,5000,25000,1450,4842,0.06808757781982422,0.9098052978515625,1.0010964734016454,0.30887547261104925,True,9
31,Dijkstra,5000,25000,309,995,0.10501289367675781,1.3440742492675781,1.3928322547637562,0.32656725333637393,True,6
31,Bellman-Ford,5000,25000,309,995,0.258991003036499,1.5736560821533203,4.592137158933223,0.5391001599758272,True,6
31,A_Star,5000,25000,309,995,0.02508234977722168,0.31626129150390625,0.3533512479355559,0.0911022475650534,True,6
32,Dijkstra,5000,25000,1797,882,0.1300959587097168,1.3473052978515625,3.0805264553760856,0.42045845424362727,True,9
32,Bellman-Ford,5000,25000,1797,882,0.2840416431427002,1.707040786743164,7.666909342228096,0.47990033781774005,True,9
32,A_Star,5000,25000,1797,882,0.09000968933105469,1.1047172546386719,1.2141895763661543,0.30115857525652445,True,9
33,Dijkstra,5000,25000,1470,1099,0.11508488655090332,1.3453598022460938,1.5567918505672027,0.3977478516440499,True,9
33,Bellman-Ford,5000,25000,1470,1099,0.5371012687683105,1.7096834182739258,13.67438580743613,1.0975308054650035,True,9
33,A_Star,5000,25000,1470,1099,0.07606816291809082,1.0896224975585938,1.180066810482478,0.3985238117438912,True,9
34,Dijkstra,5000,25000,3779,2270,0.11001062393188477,1.4697990417480469,1.4554928539590488,0.34313385545178743,True,8
34,Bellman-Ford,5000,25000,3779,2270,0.2801022529602051,1.6910762786865234,7.598687090601645,0.525466086499266,True,8
34,A_Star,5000,25000,3779,2270,0.04210782051086426,0.6081924438476562,0.5886201832390983,0.1570561823382635,True,8
35,Dijkstra,5000,25000,3355,1086,0.09209990501403809,1.1904983520507812,1.2927995998145674,0.353912599730644,True,9
35,Bellman-Ford,5000,25000,3355,1086,0.28609466552734375,1.6911182403564453,7.610299785024106,0.47609778573605316,True,9
35,A_Star,5000,25000,3355,1086,0.031986236572265625,0.4081916809082031,0.4505162099846216,0.11859221109231427,True,9
36,Dijkstra,5000,25000,2430,4915,0.0669851303100586,1.0991744995117188,0.8865939866516273,0.20310298714297823,True,7
36,Bellman-Ford,5000,25000,2430,4915,0.28103208541870117,1.7077770233154297,7.577980987524276,0.433554987219755,True,7
36,A_Star,5000,25000,2430,4915,0.019005537033081055,0.2937774658203125,0.2722419630132235,0.06806996365558272,True,7
37,Dijkstra,5000,25000,1445,1552,0.10008549690246582,1.3512077331542969,1.3510587821018418,0.34177178146806547,True,8
37,Bellman-Ford,5000,25000,1445,1552,0.3030848503112793,1.6912288665771484,7.732160321970006,0.5107993237418123,True,8
37,A_Star,5000,25000,1445,1552,0.05208706855773926,0.7185440063476562,0.7338760947147808,0.2076800950142047,True,8
38,Dijkstra,5000,25000,3811,1339,0.08501458168029785,1.2010307312011719,1.17620347072963,0.31488147103820335,True,6
38,Bellman-Ford,5000,25000,3811,1339,0.2609996795654297,1.68670654296875,4.423361220573795,0.42938021960647094,True,6
38,A_Star,5000,25000,3811,1339,0.040096282958984375,0.6011085510253906,0.535575873537984,0.13036687191861512,True,6
39,Dijkstra,5000,25000,3281,3907,0.11010551452636719,1.3460273742675781,1.4955044642526827,0.3852524643268607,True,7
39,Bellman-Ford,5000,25000,3281,3907,0.27600812911987305,1.7065677642822266,7.51556553819873,0.46366454044081773,True,7
39,A_Star,5000,25000,3281,3907,0.06809163093566895,0.8849525451660156,0.9220677608856086,0.23244476125101474,True,7
40,Dijkstra,5000,25000,1868,348,0.1330244541168213,1.3430633544921875,3.176772467009723,0.4393764661252498,True,12
40,Bellman-Ford,5000,25000,1868,348,0.2720980644226074,1.6901702880859375,4.9175279113079675,0.5514789131085642,True,12
40,A_Star,5000,25000,1868,348,0.1350994110107422,1.3039131164550781,3.271965201647254,0.5036442039359827,True,12
41,Dijkstra,5000,25000,4993,307,0.10909891128540039,1.3530158996582031,1.5083411785855425,0.40642517694155683,True,5
41,Bellman-Ford,5000,25000,4993,307,0.272019624710083,1.6898250579833984,7.24652636067201,0.39692936201770374,True,5
41,A_Star,5000,25000,4993,307,0.03709673881530762,0.6152420043945312,0.5039147477387027,0.11604874662817878,True,5
42,Dijkstra,5000,25000,2932,2500,0.007007598876953125,0.29369354248046875,0.11582617436810819,0.0354801749186167,True,5
42,Bellman-Ford,5000,25000,2932,2500,0.287996768951416,1.5608673095703125,8.182335170403801,0.5726371686428107,True,5
42,A_Star,5000,25000,2932,2500,0.002099275588989258,0.29413318634033203,0.04410361719300802,0.017907617958093237,True,5
43,Dijkstra,5000,25000,2863,3989,0.06195569038391113,1.0671272277832031,0.797102800941264,0.1697218026017601,True,8
43,Bellman-Ford,5000,25000,2863,3989,0.31709885597229004,1.6895980834960938,8.299095408976418,0.4490494094643404,True,8
43,A_Star,5000,25000,2863,3989,0.011023998260498047,0.2943096160888672,0.1782939093854617,0.055852909546006815,True,8
44,Dijkstra,5000,25000,3131,3584,0.08701372146606445,1.2115058898925781,1.2040924358939413,0.3172044347798113,True,7
44,Bellman-Ford,5000,25000,3131,3584,0.2690114974975586,1.6883392333984375,7.727796024523908,0.5349150266239886,True,7
44,A_Star,5000,25000,3131,3584,0.03700613975524902,0.6041641235351562,0.5157921301287557,0.12629512940467844,True,7
45,Dijkstra,5000,25000,2313,4018,0.06010150909423828,1.0650672912597656,0.8363813191454179,0.2276113193284043,True,10
45,Bellman-Ford,5000,25000,2313,4018,0.2710092067718506,1.6883068084716797,7.1618598007780125,0.3614548018385276,True,10
45,A_Star,5000,25000,2313,4018,0.015006542205810547,0.2943248748779297,0.20857382827745327,0.048246828665300695,True,10
46,Dijkstra,5000,25000,2919,4270,0.07501387596130371,1.1920051574707031,0.9934982760696756,0.2312802766337144,True,5
46,Bellman-Ford,5000,25000,2919,4270,0.26708531379699707,1.6890411376953125,7.629636274545282,0.5697262728464028,True,5
46,A_Star,5000,25000,2919,4270,0.010112285614013672,0.293731689453125,0.14847831652965396,0.038687317552976316,True,5
47,Dijkstra,5000,25000,581,345,0.08001279830932617,1.1827735900878906,1.1138399210917256,0.29977692153029645,True,7
47,Bellman-Ford,5000,25000,581,345,0.2890000343322754,1.7083463668823242,7.786900771058165,0.5659297664863988,True,7
47,A_Star,5000,25000,581,345,0.02491450309753418,0.29658985137939453,0.3528090921218761,0.09615809013948523,True,7
48,Dijkstra,5000,25000,2435,31,0.07799649238586426,1.1791725158691406,1.0358632014547475,0.24238420263351879,True,4
48,Bellman-Ford,5000,25000,2435,31,0.3061027526855469,1.707967758178711,7.762301757059653,0.3895257595587861,True,4
48,A_Star,5000,25000,2435,31,0.007014751434326172,0.29408740997314453,0.13252216893900187,0.036170168683864176,True,4
49,Dijkstra,5000,25000,1746,1440,0.13292622566223145,1.3496246337890625,3.3111759628592567,0.6008079652166503,True,5
49,Bellman-Ford,5000,25000,1746,1440,0.2830066680908203,1.6895599365234375,7.676208309910726,0.4698043079930358,True,5
49,A_Star,5000,25000,1746,1440,0.08707070350646973,1.0906715393066406,1.1542005758965388,0.27251057478133595,True,5
0,Dijkstra,10000,50000,5898,6294,0.0740804672241211,1.6133346557617188,1.003139481882184,0.24811248248684306,True,6
0,Bellman-Ford,10000,50000,5898,6294,0.8760237693786621,3.2868432998657227,40.303657159397126,1.4096481583097276,True,6
0,A_Star,10000,50000,5898,6294,0.003007650375366211,0.3142852783203125,0.06574046223204244,0.02226746299083937,True,6
1,Dijkstra,10000,50000,4033,5906,0.31599950790405273,2.9462223052978516,7.694218379920136,0.4114943812692284,True,6
1,Bellman-Ford,10000,50000,4033,5906,0.6400606632232666,3.2642669677734375,21.815739737848666,0.6086747399781918,True,6
1,A_Star,10000,50000,4033,5906,0.20601224899291992,2.504770278930664,3.8425918442877434,0.4415338447066448,True,6
2,Dijkstra,10000,50000,6674,4917,0.2230079174041748,2.5464344024658203,4.020648703920571,0.4508967027169737,True,8
2,Bellman-Ford,10000,50000,6674,4917,0.6580696105957031,3.271099090576172,21.58760545496721,0.7548514516175173,True,8
2,A_Star,10000,50000,6674,4917,0.08208274841308594,1.4763221740722656,1.262449940836311,0.42894493991720745,True,8
3,Dijkstra,10000,50000,3735,8247,0.2981252670288086,2.8609752655029297,8.594818595592569,0.8038745944208296,True,6
3,Bellman-Ford,10000,50000,3735,8247,0.6650216579437256,3.270109176635742,21.44187908486929,0.5271260869456457,True,6
3,A_Star,10000,50000,3735,8247,0.14504694938659668,2.010650634765625,3.4875297631887423,0.5206917661061214,True,6
4,Dijkstra,10000,50000,9627,1727,0.28200793266296387,2.8316144943237305,7.925170791927683,0.5911467914804392,True,7
4,Bellman-Ford,10000,50000,9627,1727,0.6460809707641602,3.2768630981445312,21.82015485168109,0.7874168529235759,True,7
4,A_Star,10000,50000,9627,1727,0.08700895309448242,1.4950027465820312,1.2317683302644133,0.34630233066486704,True,7
5,Dijkstra,10000,50000,2876,8308,0.060091495513916016,1.6020965576171875,0.8396735385647679,0.2293195383279288,True,4
5,Bellman-Ford,10000,50000,2876,8308,0.7080824375152588,3.286449432373047,29.229458145614483,0.484129142764723,True,4
5,A_Star,10000,50000,2876,8308,0.0020062923431396484,0.29425525665283203,0.06451653879516842,0.02734953867652538,True,4
6,Dijkstra,10000,50000,2788,644,0.2789950370788574,2.8104686737060547,7.628115126089996,0.5627091291079891,True,9
6,Bellman-Ford,10000,50000,2788,644,0.6450967788696289,3.2620744705200195,22.17873239846081,0.5671204016834539,True,9
6,A_Star,10000,50000,2788,644,0.17609190940856934,2.2026119232177734,3.680023337705463,0.5274023380972741,True,9
7,Dijkstra,10000,50000,7689,7338,0.45508766174316406,2.834695816040039,13.776421907844489,1.1366149084852077,True,6
7,Bellman-Ford,10000,50000,7689,7338,0.637087345123291,3.3738441467285156,21.271176925060278,0.44043392188933855,True,6
7,A_Star,10000,50000,7689,7338,0.11307144165039062,1.7513275146484375,1.5375608910978347,0.39350489221369345,True,6
8,Dijkstra,10000,50000,2796,7751,0.20407795906066895,2.553499221801758,3.9244259972106663,0.468785998782143,True,6
8,Bellman-Ford,10000,50000,2796,7751,0.6120951175689697,3.2585325241088867,21.58299750180915,0.6586295040138066,True,6
8,A_Star,10000,50000,2796,7751,0.03709864616394043,0.5790672302246094,0.5373139397761023,0.1523149407057261,True,6
9,Dijkstra,10000,50000,1154,8072,0.2720518112182617,2.8259716033935547,7.223255452479023,0.38200945571323175,True,8
9,Bellman-Ford,10000,50000,1154,8072,0.6510820388793945,3.2660751342773438,21.655376469093035,0.4224484687025067,True,8
9,A_Star,10000,50000,1154,8072,0.13298463821411133,1.8390426635742188,3.2727115278883243,0.5311435278324749,True,8
10,Dijkstra,10000,50000,5555,2990,0.18901729583740234,2.5320072174072266,4.065207834661303,0.68631483738154,True,7
10,Bellman-Ford,10000,50000,5555,2990,0.6741054058074951,3.2773780822753906,21.551265358128948,0.48124935724342843,True,7
10,A_Star,10000,50000,5555,2990,0.09707975387573242,1.4456977844238281,1.288236689968585,0.3073906905302694,True,7
11,Dijkstra,10000,50000,4578,2803,0.3189980983734131,2.854917526245117,7.890602671984921,0.41377666916359557,True,9
11,Bellman-Ford,10000,50000,4578,2803,0.6590118408203125,3.27786922454834,21.141936726822113,0.5641837198758201,True,9
11,A_Star,10000,50000,4578,2803,0.2710990905761719,2.62882137298584,7.247065195877613,0.4236571952407671,True,9
12,Dijkstra,10000,50000,4963,6883,0.2750072479248047,2.8036670684814453,7.539280137762788,0.5293471405919514,True,5
12,Bellman-Ford,10000,50000,4963,6883,0.6300606727600098,3.2689952850341797,20.582477437154495,0.4494954327206255,True,5
12,A_Star,10000,50000,4963,6883,0.14909911155700684,2.0186233520507812,3.588048403300388,0.6146854019351727,True,5
13,Dijkstra,10000,50000,4952,6473,0.5071029663085938,2.8531570434570312,12.90340630383527,0.9036823064025321,True,8
13,Bellman-Ford,10000,50000,4952,6473,0.6980807781219482,3.378756523132324,29.07186746036644,0.532347463518487,True,8
13,A_Star,10000,50000,4952,6473,0.19407939910888672,2.4115467071533203,4.158993244055891,0.6864372448774523,True,8
14,Dijkstra,10000,50000,9378,5574,0.22101283073425293,2.5526294708251953,4.186914187444586,0.5382711873932066,True,9
14,Bellman-Ford,10000,50000,9378,5574,0.6410276889801025,3.2773284912109375,21.906094178988237,0.5595551784733438,True,9
14,A_Star,10000,50000,9378,5574,0.0700995922088623,1.0153961181640625,0.9545511955796444,0.23949019549700262,True,9
15,Dijkstra,10000,50000,2933,8515,0.31000208854675293,2.8261241912841797,7.726761252804976,0.47816725559471257,True,6
15,Bellman-Ford,10000,50000,2933,8515,0.6781024932861328,3.2833309173583984,28.44252075135873,0.5337617459909736,True,6
15,A_Star,10000,50000,2933,8515,0.2509944438934326,2.7179737091064453,4.529068555728278,0.547662556216798,True,6
16,Dijkstra,10000,50000,3264,5968,0.28497982025146484,2.8253345489501953,7.505150374272288,0.48094938021656974,True,9
16,Bellman-Ford,10000,50000,3264,5968,0.7270941734313965,3.27840518951416,29.295571860906332,0.45468386733218685,True,9
16,A_Star,10000,50000,3264,5968,0.14009666442871094,1.9894905090332031,3.3932427379785697,0.5228987375757318,True,9
17,Dijkstra,10000,50000,4142,6327,0.12700843811035156,2.2048606872558594,1.7076370597727044,0.4282410594544754,True,6
17,Bellman-Ford,10000,50000,4142,6327,0.6750257015228271,3.2824134826660156,22.311717146369627,0.4907191501138732,True,6
17,A_Star,10000,50000,4142,6327,0.015958786010742188,0.2934999465942383,0.2342524299247571,0.05966042995810592,True,6
18,Dijkstra,10000,50000,5022,8693,0.2340075969696045,2.5599117279052734,4.166931564435575,0.44834056261948063,True,7
18,Bellman-Ford,10000,50000,5022,8693,0.8340950012207031,3.2779407501220703,33.04048239373602,1.6956883937027305,True,7
18,A_Star,10000,50000,5022,8693,0.11203527450561523,1.7834014892578125,1.5269003654806454,0.38560436665774744,True,7
19,Dijkstra,10000,50000,7718,2772,0.1900327205657959,2.6562366485595703,4.140928523628021,0.5721695218365428,True,6
19,Bellman-Ford,10000,50000,7718,2772,0.595966100692749,3.264341354370117,21.605450645582923,0.5900696474408562,True,6
19,A_Star,10000,50000,7718,2772,0.04709434509277344,0.6864585876464844,0.64935446325643,0.16337846480263396,True,6
20,Dijkstra,10000,50000,1540,228,0.08614993095397949,1.7762451171875,1.2167753635173115,0.3418883641449184,True,7
20,Bellman-Ford,10000,50000,1540,228,0.6020345687866211,3.504405975341797,21.222997431874447,0.4456154333876277,True,7
20,A_Star,10000,50000,1540,228,0.018022537231445312,0.2939300537109375,0.27023179232441313,0.06499379416294819,True,7
21,Dijkstra,10000,50000,9325,8650,0.23999977111816406,2.8243160247802734,4.312097390504554,0.42005539158917965,True,7
21,Bellman-Ford,10000,50000,9325,8650,0.6960866451263428,3.278019905090332,28.716909572229067,0.5372475751007866,True,7
21,A_Star,10000,50000,9325,8650,0.1190800666809082,1.6219024658203125,2.8271222693943843,0.38583026706291884,True,7
22,Dijkstra,10000,50000,7747,4303,0.2880117893218994,2.8244571685791016,7.576009690402584,0.4811916883239014,True,8
22,Bellman-Ford,10000,50000,7747,4303,0.7260768413543701,3.286709785461426,29.93656521345721,0.6681652195681819,True,8
22,A_Star,10000,50000,7747,4303,0.11399984359741211,1.6836585998535156,1.6024529992383483,0.45201799951163546,True,8
23,Dijkstra,10000,50000,8044,8625,0.3050713539123535,2.828317642211914,8.16036497769327,0.48339297590226943,True,11
23,Bellman-Ford,10000,50000,8044,8625,0.6890149116516113,3.2714452743530273,28.839743003002372,0.49373999539297064,True,11
23,A_Star,10000,50000,8044,8625,0.24709582328796387,2.8097705841064453,4.762419820386408,0.5861628238069401,True,11
24,Dijkstra,10000,50000,3854,3984,0.272022008895874,2.8178577423095703,7.60645310254122,0.7138811014528089,True,7
24,Bellman-Ford,10000,50000,3854,3984,0.6190392971038818,3.264004707336426,21.306926372550134,0.4601633731235581,True,7
24,A_Star,10000,50000,3854,3984,0.13909578323364258,1.9595756530761719,3.2782779109240514,0.4462289075874723,True,7
25,Dijkstra,10000,50000,3999,8458,0.5060195922851562,2.8578290939331055,12.50797678970901,1.0419007905123923,True,8
25,Bellman-Ford,10000,50000,3999,8458,0.6825230121612549,3.3749589920043945,28.67219930234192,0.4814443080575545,True,8
25,A_Star,10000,50000,3999,8458,0.17306923866271973,2.269084930419922,4.014361518125748,0.5499055177604313,True,8
26,Dijkstra,10000,50000,547,1862,0.3101210594177246,2.8370723724365234,8.195179431802591,0.47402843005117024,True,7
26,Bellman-Ford,10000,50000,547,1862,0.618077278137207,3.270353317260742,21.414380256046268,0.685107259505153,True,7
26,A_Star,10000,50000,547,1862,0.24601221084594727,2.7747087478637695,4.469483874920777,0.6600628753155683,True,7
27,Dijkstra,10000,50000,201,7930,0.28908729553222656,2.8546009063720703,7.677181275469675,0.494366275054826,True,12
27,Bellman-Ford,10000,50000,201,7930,0.6679940223693848,3.2780723571777344,22.077539521310776,0.6710075191634877,True,12
27,A_Star,10000,50000,201,7930,0.18006610870361328,2.2424888610839844,4.193727125944569,0.5922681242879481,True,12
28,Dijkstra,10000,50000,8366,306,0.2810068130493164,2.8456974029541016,7.632231268781767,0.5631792673203798,True,7
28,Bellman-Ford,10000,50000,8366,306,0.6820878982543945,3.2762680053710938,22.21563847751357,0.5037964719068259,True,7
28,A_Star,10000,50000,8366,306,0.20409703254699707,2.3271026611328125,4.220462306252448,0.5686753032158595,True,7
29,Dijkstra,10000,50000,8914,1071,0.18599486351013184,2.547811508178711,3.80000553835014,0.4763595368323678,True,7
29,Bellman-Ford,10000,50000,8914,1071,0.6610438823699951,3.2794532775878906,21.116315805491844,0.5228078101285183,True,7
29,A_Star,10000,50000,8914,1071,0.04093027114868164,0.4302940368652344,0.5858055579130199,0.16027355870498683,True,7
30,Dijkstra,10000,50000,8228,5472,0.2730698585510254,2.8280200958251953,7.280151113516968,0.4445621144243898,True,6
30,Bellman-Ford,10000,50000,8228,5472,0.863095760345459,3.2833032608032227,31.760232795800974,1.0657987979501062,True,6
30,A_Star,10000,50000,8228,5472,0.19400668144226074,2.3711185455322266,4.192336162469985,0.5941111644838768,True,6
31,Dijkstra,10000,50000,5779,7580,0.28209543228149414,2.946859359741211,7.564156230362173,0.4322322344500995,True,11
31,Bellman-Ford,10000,50000,5779,7580,0.669252872467041,3.270627975463867,21.733109000943603,0.49068799928203244,True,11
31,A_Star,10000,50000,5779,7580,0.21609997749328613,2.3800296783447266,4.2996957042942,0.5309027043858713,True,11
32,Dijkstra,10000,50000,5961,3687,0.1190953254699707,2.1553115844726562,1.6199021182169884,0.41629811759644436,True,7
32,Bellman-Ford,10000,50000,5961,3687,0.6260919570922852,3.2728376388549805,21.477178654313064,0.5340336520746138,True,7
32,A_Star,10000,50000,5961,3687,0.021090269088745117,0.2936105728149414,0.2926720814759082,0.07258708085661586,True,7
33,Dijkstra,10000,50000,8204,6312,0.1629652976989746,2.506053924560547,3.8173897842881694,0.5702547821221365,True,7
33,Bellman-Ford,10000,50000,8204,6312,0.6781041622161865,3.2770299911499023,21.52810564384935,0.45278264795569706,True,7
33,A_Star,10000,50000,8204,6312,0.05401039123535156,0.7402687072753906,0.7182670224988833,0.16116202376503497,True,7
34,Dijkstra,10000,50000,7144,6415,0.23200058937072754,2.8318357467651367,4.210036461208545,0.4713774625813292,True,8
34,Bellman-Ford,10000,50000,7144,6415,0.684105634689331,3.2697219848632812,22.566743204616582,0.6572682017130904,True,8
34,A_Star,10000,50000,7144,6415,0.07299423217773438,1.027008056640625,0.9954173840946857,0.2462153836517933,True,8
35,Dijkstra,10000,50000,9717,6541,0.18099761009216309,2.5106983184814453,3.995499886980513,0.6386938867515418,True,9
35,Bellman-Ford,10000,50000,9717,6541,0.6810858249664307,3.2701568603515625,21.988988386587575,0.45269838825740266,True,9
35,A_Star,10000,50000,9717,6541,0.08189773559570312,1.0972099304199219,1.1033586754114366,0.27340667477110403,True,9
36,Dijkstra,10000,50000,6158,2708,0.2161087989807129,2.5390796661376953,4.2936211273530915,0.5026031270148656,True,7
36,Bellman-Ford,10000,50000,6158,2708,0.9321060180664062,3.30108642578125,39.826766129224644,1.1623811350344597,True,7
36,A_Star,10000,50000,6158,2708,0.0700080394744873,1.1314811706542969,0.9257004874553532,0.2136724860202521,True,7
37,Dijkstra,10000,50000,6337,7578,0.30700087547302246,2.9443492889404297,7.571086507037621,0.4212175083610823,True,7
37,Bellman-Ford,10000,50000,6337,7578,0.6060090065002441,3.268927574157715,21.17494337165644,0.5522323716237126,True,7
37,A_Star,10000,50000,6337,7578,0.1680901050567627,2.220518112182617,3.658028113190191,0.538290111348139,True,7
38,Dijkstra,10000,50000,6423,4211,0.2049262523651123,2.552824020385742,4.497334219141398,0.720551218929235,True,10
38,Bellman-Ford,10000,50000,6423,4211,0.9019882678985596,3.2950286865234375,43.466082640629544,1.6496616408082656,True,10
38,A_Star,10000,50000,6423,4211,0.08309555053710938,1.1742324829101562,1.1072727304247885,0.2643117296805351,True,10
39,Dijkstra,10000,50000,1935,3271,0.24908018112182617,2.8190174102783203,4.312674466858194,0.3695374688716097,True,7
39,Bellman-Ford,10000,50000,1935,3271,0.6719970703125,3.2724056243896484,28.569454161006792,0.46272116622311815,True,7
39,A_Star,10000,50000,1935,3271,0.12810468673706055,1.8891525268554688,1.7204715020880106,0.4231235024444759,True,7
40,Dijkstra,10000,50000,2096,2175,0.20911765098571777,2.536771774291992,4.204134761838623,0.6011477601885882,True,7
40,Bellman-Ford,10000,50000,2096,2175,0.713109016418457,3.2834701538085938,29.161937554723117,0.457692557370756,True,7
40,A_Star,10000,50000,2096,2175,0.057009220123291016,0.8448638916015625,0.7909196549607017,0.21597465542606506,True,7
41,Dijkstra,10000,50000,7780,4459,0.2380964756011963,2.8200817108154297,4.392785736656156,0.6733857368290087,True,6
41,Bellman-Ford,10000,50000,7780,4459,0.6290769577026367,3.275949478149414,20.488637156986105,0.34908415257598446,True,6
41,A_Star,10000,50000,7780,4459,0.07399940490722656,1.0854568481445312,0.9934121972339186,0.24157419767397967,True,6
42,Dijkstra,10000,50000,1831,2410,0.058992624282836914,1.1844100952148438,0.9547447498799534,0.3541777508245082,True,5
42,Bellman-Ford,10000,50000,1831,2410,0.887988805770874,3.2911853790283203,37.85512524859556,0.8730652413102373,True,5
42,A_Star,10000,50000,1831,2410,0.013949394226074219,0.3734703063964844,0.2751655152705922,0.11772351550734177,True,5
43,Dijkstra,10000,50000,4297,9735,0.0410618782043457,0.980712890625,0.5987117109016346,0.1692377119452523,True,5
43,Bellman-Ford,10000,50000,4297,9735,0.5920097827911377,3.263763427734375,21.107760014816613,0.41582900924929833,True,5
43,A_Star,10000,50000,4297,9735,0.006079912185668945,0.29387474060058594,0.1176848593619017,0.03494286029453559,True,5
44,Dijkstra,10000,50000,1034,4322,0.2510411739349365,2.811433792114258,4.6183295849548145,0.6688355862931775,True,8
44,Bellman-Ford,10000,50000,1034,4322,0.6696500778198242,3.2742748260498047,21.68501604882069,0.5426090520154685,True,8
44,A_Star,10000,50000,1034,4322,0.0920858383178711,1.5534133911132812,1.3478545550867196,0.4170265546678777,True,8
45,Dijkstra,10000,50000,5967,7658,0.22002553939819336,2.5552453994750977,4.402411131171151,0.5395991313099988,True,8
45,Bellman-Ford,10000,50000,5967,7658,0.6230416297912598,3.2737388610839844,21.30772462571635,0.5781516245625786,True,8
45,A_Star,10000,50000,5967,7658,0.08602309226989746,1.471282958984375,1.1883902215655808,0.3112132233824496,True,8
46,Dijkstra,10000,50000,4824,8990,0.18009352684020996,2.518749237060547,4.269660765539643,0.6565427624171346,True,11
46,Bellman-Ford,10000,50000,4824,8990,0.6129977703094482,3.268927574157715,21.17474070982347,0.4771667113461616,True,11
46,A_Star,10000,50000,4824,8990,0.06798481941223145,0.9875106811523438,0.911922205268617,0.2214272059791044,True,11
47,Dijkstra,10000,50000,1563,2062,0.1820814609527588,2.551266670227051,3.6245913180592475,0.43116031736833993,True,5
47,Bellman-Ford,10000,50000,1563,2062,0.6829745769500732,3.268723487854004,31.440261015753098,2.8007980250668014,True,5
47,A_Star,10000,50000,1563,2062,0.0319974422454834,0.4244499206542969,0.47680365230041477,0.1430336533215913,True,5
48,Dijkstra,10000,50000,5418,5321,0.22703909873962402,2.5440406799316406,5.838675831972108,2.0742918295473323,True,7
48,Bellman-Ford,10000,50000,5418,5321,0.7359633445739746,3.282123565673828,30.75147977210193,1.536176773901866,True,7
48,A_Star,10000,50000,5418,5321,0.3410031795501709,1.755814552307129,9.89763407033868,3.693683072896674,True,7
49,Dijkstra,10000,50000,1403,1173,0.26201534271240234,2.9544267654418945,4.487137464951068,0.4554984659471506,True,11
49,Bellman-Ford,10000,50000,1403,1173,0.6429851055145264,3.275836944580078,21.700711945579386,0.5909079420799389,True,11
49,A_Star,10000,50000,1403,1173,0.09499216079711914,1.4805564880371094,1.4091330806932159,0.43929008005398584,True,11
0,Dijkstra,50000,250000,48462,46428,0.26799893379211426,4.83091926574707,7.458381541002415,0.632155542190991,True,11
0,Bellman-Ford,50000,250000,48462,46428,4.970933437347412,22.352747917175293,295.62071122068255,73.97758119811573,True,11
0,A_Star,50000,250000,48462,46428,0.05609297752380371,0.9232902526855469,0.7537007541077169,0.1849167537556919,True,11
1,Dijkstra,50000,250000,42548,42264,1.783106803894043,16.75215244293213,137.7215450054582,9.114508003237429,True,7
1,Bellman-Ford,50000,250000,42548,42264,4.195205450057983,22.108428955078125,260.596955847225,63.6319368521187,True,7
1,A_Star,50000,250000,42548,42264,1.3200170993804932,14.796303749084473,88.87923567303257,8.702207675471776,True,7
2,Dijkstra,50000,250000,24906,2614,0.5350964069366455,9.414881706237793,14.975399864593353,0.5192678684720939,True,6
2,Bellman-Ford,50000,250000,24906,2614,4.684094667434692,22.326733589172363,312.51608676024574,75.12221875813638,True,6
2,A_Star,50000,250000,24906,2614,0.09210634231567383,1.55987548828125,1.2028952644534454,0.27578526440561246,True,6
3,Dijkstra,50000,250000,42817,6656,0.8170135021209717,15.092735290527344,39.27888327592264,0.98579726961653,True,7
3,Bellman-Ford,50000,250000,42817,6656,4.778974294662476,22.363837242126465,330.3112463266464,88.33017433386908,True,7
3,A_Star,50000,250000,42817,6656,0.3249995708465576,3.6576099395751953,9.7322023785864,1.507110382449348,True,7
4,Dijkstra,50000,250000,39083,36704,1.3010668754577637,15.099150657653809,80.69987238321815,17.338013375945298,True,7
4,Bellman-Ford,50000,250000,39083,36704,5.626675367355347,22.516085624694824,290.3678600983872,43.67065807619991,True,7
4,A_Star,50000,250000,39083,36704,0.31705451011657715,4.537503242492676,8.645671025350648,0.6404990274123424,True,7
5,Dijkstra,50000,250000,13567,32374,1.790297508239746,16.659547805786133,153.41276487848532,18.138298879384948,True,10
5,Bellman-Ford,50000,250000,13567,32374,6.1411988735198975,22.581151962280273,293.69918168769806,43.39758969857971,True,10
5,A_Star,50000,250000,13567,32374,0.47508788108825684,7.051989555358887,14.337538537416036,0.4931635347524531,True,10
6,Dijkstra,50000,250000,10937,1167,1.049055576324463,15.221811294555664,57.87292163989852,6.6584756451972815,True,9
6,Bellman-Ford,50000,250000,10937,1167,4.5746355056762695,22.348852157592773,325.4815502156907,75.3153111896881,True,9
6,A_Star,50000,250000,10937,1167,0.38509583473205566,5.346172332763672,9.166998231270775,0.6414712327061728,True,9
7,Dijkstra,50000,250000,22285,47800,1.825000286102295,16.76173210144043,142.54525325910976,12.652463262880678,True,8
7,Bellman-Ford,50000,250000,22285,47800,5.958785533905029,22.477229118347168,296.3865702177015,43.40416921270913,True,8
7,A_Star,50000,250000,22285,47800,0.8949446678161621,11.172554969787598,40.89413954834835,0.41542455512479975,True,8
8,Dijkstra,50000,250000,15274,45478,0.20309734344482422,4.0875091552734375,4.092487198574341,0.5861021967547607,True,5
8,Bellman-Ford,50000,250000,15274,45478,4.749870538711548,22.34058380126953,332.62756005305084,71.9952850430571,True,5
8,A_Star,50000,250000,15274,45478,0.04504561424255371,1.0398797988891602,0.9861202277314257,0.5124812265929174,True,5
9,Dijkstra,50000,250000,38761,21978,2.9381260871887207,17.714781761169434,272.01907238493055,31.988377382870084,True,9
9,Bellman-Ford,50000,250000,38761,21978,12.569239139556885,23.480039596557617,373.18629124866493,53.232177239504175,True,9
9,A_Star,50000,250000,38761,21978,1.0370781421661377,8.108796119689941,43.433305977156415,1.6087269734237561,True,9
10,Dijkstra,50000,250000,26093,19142,2.7582015991210938,17.3063907623291,290.32422703566453,37.74507605113511,True,12
10,Bellman-Ford,50000,250000,26093,19142,10.36704397201538,23.3452091217041,434.99763096595785,53.72648196906462,True,12
10,A_Star,50000,250000,26093,19142,0.6422364711761475,5.240298271179199,22.52299127214635,1.6221452695229095,True,12
11,Dijkstra,50000,250000,20131,3696,2.2900006771087646,15.590713500976562,214.71843993801798,36.813809932658316,True,7
11,Bellman-Ford,50000,250000,20131,3696,9.82996416091919,23.521825790405273,384.66230852477975,39.4159515080485,True,7
11,A_Star,50000,250000,20131,3696,0.9467282295227051,5.910246849060059,37.918093269556486,1.507648271374125,True,7
12,Dijkstra,50000,250000,32144,25845,6.084012269973755,18.882408142089844,320.040116488358,42.590084475355255,True,9
12,Bellman-Ford,50000,250000,32144,25845,15.0003662109375,24.382546424865723,354.1531352525313,61.74442526080776,True,9
12,A_Star,50000,250000,32144,25845,2.961099624633789,13.04666519165039,295.7581534782241,38.252386491354905,True,9
13,Dijkstra,50000,250000,1268,13836,8.395004034042358,19.805648803710938,364.0397928108444,56.520634800007755,True,11
13,Bellman-Ford,50000,250000,1268,13836,17.95698595046997,25.595815658569336,395.366131783835,67.17906978158216,True,11
13,A_Star,50000,250000,1268,13836,1.5759778022766113,8.48619556427002,114.06559362588993,16.442000626591778,True,11
14,Dijkstra,50000,250000,5748,12550,6.006998538970947,19.255091667175293,349.0630125949407,52.91445359320078,True,12
14,Bellman-Ford,50000,250000,5748,12550,18.898596048355103,25.55229377746582,463.9305102414861,63.16848523304261,True,12
14,A_Star,50000,250000,5748,12550,3.1230006217956543,10.458714485168457,298.66730936232784,42.49124937120654,True,12
15,Dijkstra,50000,250000,35754,29904,9.931082963943481,19.560996055603027,407.3238914504153,81.34536847914288,True,8
15,Bellman-Ford,50000,250000,35754,29904,24.957998514175415,25.44705867767334,475.6873822618164,72.87171627030528,True,8
15,A_Star,50000,250000,35754,29904,5.24900221824646,13.853124618530273,357.86106201095254,81.45174203414206,True,8
16,Dijkstra,50000,250000,28278,10137,0.07299613952636719,2.463876724243164,1.5605284811642255,0.8138374823790276,True,6
16,Bellman-Ford,50000,250000,28278,10137,18.842947959899902,25.300522804260254,360.5601289673904,64.03583994984731,True,6
16,A_Star,50000,250000,28278,10137,0.004998683929443359,2.492351531982422,0.20851611534617837,0.13388211515285073,True,6
17,Dijkstra,50000,250000,34322,21978,1.5470004081726074,8.531194686889648,107.27215574816194,15.518131735682001,True,6
17,Bellman-Ford,50000,250000,34322,21978,26.138990879058838,25.56611156463623,548.531956079941,94.801192091372,True,6
17,A_Star,50000,250000,34322,21978,0.23400330543518066,2.2702760696411133,8.547813810802133,1.240098811614397,True,6
18,Dijkstra,50000,250000,5033,26419,10.623085975646973,19.718249320983887,433.24937973793806,91.73359474091082,True,8
18,Bellman-Ford,50000,250000,5033,26419,22.81217360496521,25.42896556854248,439.41954452317975,51.27511654055496,True,8
18,A_Star,50000,250000,5033,26419,7.156997919082642,15.598833084106445,358.86967691941805,51.53113690321034,True,8
19,Dijkstra,50000,250000,4190,7083,7.951997995376587,19.194785118103027,379.5585103767595,45.578673378717845,True,9
19,Bellman-Ford,50000,250000,4190,7083,32.203006744384766,25.795153617858887,572.4454444172432,93.81310541793778,True,9
19,A_Star,50000,250000,4190,7083,5.894000768661499,11.74753475189209,434.5377369392547,68.5074819535832,True,9
20,Dijkstra,50000,250000,40272,2728,9.128589868545532,19.044397354125977,436.0757297337441,65.91008772043666,True,10
20,Bellman-Ford,50000,250000,40272,2728,34.72709321975708,26.21147918701172,697.7573669150095,137.21817692113973,True,10
20,A_Star,50000,250000,40272,2728,3.138004779815674,9.868024826049805,316.3725704136688,51.70510041251896,True,10
21,Dijkstra,50000,250000,48687,46048,8.72602391242981,18.802767753601074,458.4604869402381,61.394513944759694,True,12
21,Bellman-Ford,50000,250000,48687,46048,27.515859603881836,26.370805740356445,549.6179148778697,132.3607158535538,True,12
21,A_Star,50000,250000,48687,46048,9.573017835617065,15.60770320892334,401.45491969766266,82.79547769803727,True,12
22,Dijkstra,50000,250000,8809,15772,17.51399850845337,20.6471529006958,437.90724442575964,60.12713643492091,True,11
22,Bellman-Ford,50000,250000,8809,15772,34.91299843788147,26.18452548980713,722.3129797488433,137.8669907356594,True,11
22,A_Star,50000,250000,8809,15772,17.164113521575928,21.225204467773438,471.37117939142746,89.98346441498259,True,11
23,Dijkstra,50000,250000,29757,36362,10.772377967834473,20.2895450592041,382.0288428989993,71.60902888977994,True,7
23,Bellman-Ford,50000,250000,29757,36362,36.974133253097534,26.19094467163086,604.6562262493619,123.86085326173054,True,7
23,A_Star,50000,250000,29757,36362,4.979010820388794,12.93230152130127,379.1746538957065,93.22862191688705,True,7
24,Dijkstra,50000,250000,18829,37684,10.050105333328247,18.57961368560791,439.25304749075366,90.13748947789934,True,9
24,Bellman-Ford,50000,250000,18829,37684,27.509995222091675,26.049663543701172,666.073548213678,108.34740721118342,True,9
24,A_Star,50000,250000,18829,37684,6.435000419616699,15.339250564575195,299.93843084279814,54.04637786638355,True,9
25,Dijkstra,50000,250000,38839,16974,8.296428442001343,18.92903232574463,426.6815036180738,73.06792261957496,True,9
25,Bellman-Ford,50000,250000,38839,16974,47.05795741081238,26.893786430358887,876.2673845200466,163.9799605135471,True,9
25,A_Star,50000,250000,38839,16974,0.8761138916015625,6.939313888549805,32.42413541526022,3.186460407361854,True,9
26,Dijkstra,50000,250000,28704,14680,6.505419731140137,17.052303314208984,437.98025815508146,82.238421139706,True,9
26,Bellman-Ford,50000,250000,28704,14680,22.400802850723267,26.21308708190918,476.7325028233955,82.32962881836806,True,9
26,A_Star,50000,250000,28704,14680,0.9820041656494141,4.810418128967285,38.41515559412339,1.7813305923509015,True,9
27,Dijkstra,50000,250000,40202,30292,16.209789037704468,21.192930221557617,491.7789295690088,79.07609057863706,True,8
27,Bellman-Ford,50000,250000,40202,30292,37.9952278137207,26.275909423828125,620.5622667140431,94.04871672355678,True,8
27,A_Star,50000,250000,40202,30292,4.516995906829834,11.650606155395508,280.3304335220545,43.721324512904026,True,8
28,Dijkstra,50000,250000,45408,29571,10.445000886917114,19.22296905517578,393.49498758152504,53.84689856846251,True,9
28,Bellman-Ford,50000,250000,45408,29571,34.25599646568298,26.632614135742188,722.8441795056832,130.63744850011108,True,9
28,A_Star,50000,250000,45408,29571,5.424079418182373,11.759200096130371,297.93780341965,47.43182040971568,True,9
29,Dijkstra,50000,250000,35410,37594,14.619085550308228,20.25527858734131,398.742839896195,83.59404890060456,True,10
29,Bellman-Ford,50000,250000,35410,37594,33.643014669418335,26.359949111938477,657.5231658788109,106.88088590788557,True,10
29,A_Star,50000,250000,35410,37594,5.615083932876587,12.260895729064941,336.24152608731765,70.91108007406832,True,10
30,Dijkstra,50000,250000,9964,16433,11.265859603881836,20.10866928100586,478.16903923184725,92.29210524133516,True,10
30,Bellman-Ford,50000,250000,9964,16433,34.43608856201172,26.109399795532227,578.1521509008966,91.6903649110829,True,10
30,A_Star,50000,250000,9964,16433,7.157010078430176,14.062640190124512,313.48615830691335,53.434539331791925,True,10
31,Dijkstra,50000,250000,27229,27605,10.611264944076538,20.372990608215332,441.4713422592759,97.35694927275482,True,6
31,Bellman-Ford,50000,250000,27229,27605,31.382222414016724,26.417370796203613,604.2851362221761,105.48580021670843,True,6
31,A_Star,50000,250000,27229,27605,5.0920538902282715,11.173442840576172,375.98617634170705,73.90646235684878,True,6
32,Dijkstra,50000,250000,42961,29863,6.414998769760132,14.327796936035156,348.5396009284232,59.207222943303364,True,6
32,Bellman-Ford,50000,250000,42961,29863,34.59429621696472,26.530795097351074,519.9180770948902,93.34255009464944,True,6
32,A_Star,50000,250000,42961,29863,1.1379971504211426,5.345311164855957,52.51576311260602,2.5173041161908767,True,6
33,Dijkstra,50000,250000,12753,18053,4.28100323677063,12.454429626464844,372.9012324610886,77.9013094605108,True,5
33,Bellman-Ford,50000,250000,12753,18053,35.52415227890015,26.087289810180664,629.1151417521534,107.8959567574558,True,5
33,A_Star,50000,250000,12753,18053,0.5259983539581299,3.914949417114258,16.877598691058875,1.6469046923123036,True,5
34,Dijkstra,50000,250000,664,26564,6.0800018310546875,15.160630226135254,416.74615246016117,59.28315445553088,True,10
34,Bellman-Ford,50000,250000,664,26564,29.917996644973755,26.224876403808594,467.3089668453564,82.06617087320285,True,10
34,A_Star,50000,250000,664,26564,0.6070129871368408,3.3086910247802734,26.965066105895325,2.7338331097966293,True,10
35,Dijkstra,50000,250000,10720,12978,10.364070653915405,20.618639945983887,394.755538890831,60.81887388857431,True,10
35,Bellman-Ford,50000,250000,10720,12978,26.592093229293823,26.870365142822266,724.4483627436481,158.44633374007228,True,10
35,A_Star,50000,250000,10720,12978,10.726997137069702,19.18067169189453,440.71302412421016,148.4321071241846,True,10
36,Dijkstra,50000,250000,8622,44972,0.13200044631958008,5.42314338684082,12.46019063064759,5.35868863122468,True,4
36,Bellman-Ford,50000,250000,8622,44972,43.21399784088135,26.80924415588379,689.6502933749126,120.44912939240551,True,4
36,A_Star,50000,250000,8622,44972,0.0019981861114501953,5.194341659545898,8.314531642985063,3.0956986449141985,True,4
37,Dijkstra,50000,250000,30418,44090,12.722079515457153,20.358365058898926,411.16218481483776,108.57463181056923,True,8
37,Bellman-Ford,50000,250000,30418,44090,43.06348705291748,26.99460220336914,737.476068844694,131.64357181652602,True,8
37,A_Star,50000,250000,30418,44090,8.290003061294556,12.364533424377441,406.6306120549893,66.15526003731478,True,8
38,Dijkstra,50000,250000,41998,8789,16.240516662597656,21.352654457092285,529.8127601603389,107.83546415673221,True,9
38,Bellman-Ford,50000,250000,41998,8789,38.24549913406372,27.289834022521973,768.313300877791,186.4220948405383,True,9
38,A_Star,50000,250000,41998,8789,5.9469990730285645,11.134627342224121,361.21047968970777,79.01166270015932,True,9
39,Dijkstra,50000,250000,34870,9988,16.324084043502808,21.208913803100586,528.2330501543336,125.13114812066576,True,12
39,Bellman-Ford,50000,250000,34870,9988,47.72684144973755,26.909958839416504,784.6686835852786,131.9555965657676,True,12
39,A_Star,50000,250000,34870,9988,6.593074560165405,9.970231056213379,319.35430839914375,73.52459440962897,True,12
40,Dijkstra,50000,250000,42228,39666,7.977144479751587,18.302430152893066,317.35362520545675,54.28577519126187,True,7
40,Bellman-Ford,50000,250000,42228,39666,35.305999994277954,27.086647033691406,843.4108905432478,212.3001895457236,True,7
40,A_Star,50000,250000,42228,39666,5.146000862121582,9.41873836517334,382.3225146093052,74.89545461289771,True,7
41,Dijkstra,50000,250000,21,32084,12.919368982315063,19.080764770507812,384.1578313717455,111.03215136656753,True,6
41,Bellman-Ford,50000,250000,21,32084,25.106935024261475,28.16692352294922,641.5141110838664,137.9723810934735,True,6
41,A_Star,50000,250000,21,32084,15.128953456878662,18.13048267364502,656.6160657949298,109.03880880619563,True,6
42,Dijkstra,50000,250000,36730,25698,5.269000768661499,13.331902503967285,260.00190473460265,34.08332073894007,True,6
42,Bellman-Ford,50000,250000,36730,25698,49.34029507637024,28.18323040008545,881.3367629179132,206.92999292280152,True,6
42,A_Star,50000,250000,36730,25698,0.16210103034973145,7.87277889251709,35.91548507410813,7.949909072665165,True,6
43,Dijkstra,50000,250000,20548,23723,12.967965126037598,17.287035942077637,548.7039113344446,118.24481232527725,True,10
43,Bellman-Ford,50000,250000,20548,23723,40.58760690689087,29.791433334350586,852.3753844390643,204.704458436744,True,10
43,A_Star,50000,250000,20548,23723,4.0650012493133545,12.976887702941895,442.15398638588886,57.83734538904897,True,10
44,Dijkstra,50000,250000,32200,1051,14.530097723007202,22.3636531829834,496.56708556660993,136.11392458868747,True,6
44,Bellman-Ford,50000,250000,32200,1051,50.37193179130554,29.658787727355957,1025.8394053987888,246.03807240163044,True,6
44,A_Star,50000,250000,32200,1051,5.293585300445557,12.851709365844727,591.0227912213801,98.91657621983057,True,6
45,Dijkstra,50000,250000,25973,24411,6.0992536544799805,16.032180786132812,164.87132019975985,56.547951208500336,True,7
45,Bellman-Ford,50000,250000,25973,24411,65.87792325019836,30.68135929107666,1219.7367550118329,323.61113103688393,True,7
45,A_Star,50000,250000,25973,24411,4.310998439788818,9.324996948242188,354.3694627082031,75.6710847054665,True,7
46,Dijkstra,50000,250000,34620,39681,9.46701455116272,16.127824783325195,543.3842917816335,98.2409707881129,True,7
46,Bellman-Ford,50000,250000,34620,39681,73.47270011901855,30.338680267333984,1229.0559917900662,268.0446508226856,True,7
46,A_Star,50000,250000,34620,39681,0.5499982833862305,9.354366302490234,566.8066624386462,37.580505436960685,True,7
47,Dijkstra,50000,250000,23110,23108,33.49119806289673,23.65159797668457,896.6162150911479,279.14020508755505,True,8
47,Bellman-Ford,50000,250000,23110,23108,86.54240655899048,32.416568756103516,1348.2819749680316,381.5768529879823,True,8
47,A_Star,50000,250000,23110,23108,17.678208827972412,15.942386627197266,647.687325560411,162.2051555466999,True,8
48,Dijkstra,50000,250000,33114,49124,3.1122546195983887,16.886502265930176,198.07823561780842,76.77924761731865,True,8
48,Bellman-Ford,50000,250000,33114,49124,79.90310263633728,30.637935638427734,1257.5808503756518,271.10460140027544,True,8
48,A_Star,50000,250000,33114,49124,26.127657651901245,25.00329875946045,907.698721030963,220.67620202876054,True,8
49,Dijkstra,50000,250000,19111,3804,48.88913059234619,25.491629600524902,1010.716037060875,276.5866680697496,True,8
49,Bellman-Ford,50000,250000,19111,3804,17.44477367401123,22.76011371612549,935.8727864462651,251.22288444384463,True,8
49,A_Star,50000,250000,19111,3804,20.602993965148926,18.019882202148438,957.0455137962538,252.43494779300548,True,8
